Pod,Container,%CPU,%VM,RT [ms],CPU_T [ms],TH [rps],CPU_T/R [ms],REQ_S [B],RES_S [B],C_Load [rps],t_start [ms],t_end [ms],CPU [CPU],VM [B]
service-1,app,0.5863824443260026,0.5064,4.8,29.31912221630013,48.0,0.6135776056298311,1250.0,165.0,50,1692815083888.41,1692815383892.8972,0m,0m
service-1,app,1.1312147398564,1.052,4.8,56.560736992820004,98.0,0.5755638925896533,1250.0,165.0,100,1692815408630.3496,1692815708636.1677,0m,0m
service-1,app,2.6973780720060434,1.102,4.8,134.86890360030216,250.6,0.5361630609984956,1150.0,165.0,250,1692815733668.922,1692816033674.6077,0m,0m
service-1,app,4.997851331078545,1.1684,4.818696186961869,249.89256655392725,500.4,0.5034591145929059,1150.0,165.0,500,1692816058176.6921,1692816358182.3389,0m,0m
service-1,app,6.9893710955721575,1.3424,4.827316293929712,349.4685547786079,745.4,0.47001325485177337,1150.0,165.0,750,1692816383224.1357,1692816683229.6497,0m,0m
service-1,app,8.345854062687739,1.3436,4.844534249343301,417.292703134387,997.8,0.4191557522090549,1250.0,165.0,1000,1692816708194.095,1692817008200.7104,0m,0m
service-1,app,8.82536820259347,2.9028,6.713747645951029,441.2684101296735,1500.2,0.2945182261211133,1250.0,165.0,1500,1692817033190.759,1692817333196.816,0m,0m
