Pod,Container,%CPU,%VM,RT [ms],CPU_T [ms],TH [rps],CPU_T/R [ms],REQ_S [B],RES_S [B],C_Load [rps],t_start [ms],t_end [ms],CPU [CPU],VM [B]
service-1,app,0.5393224522077099,0.4974,4.8,26.966122610385494,49.2,0.537785002816316,1250.0,165.0,50,1692810362244.2844,1692810662249.8213,0m,0m
service-1,app,1.044053498487964,1.0108,4.8,52.202674924398195,98.6,0.5318537237570715,1250.0,165.0,100,1692810687060.7996,1692810987066.5881,0m,0m
service-1,app,2.4009780220051415,1.0568,4.808885424785657,120.04890110025707,251.4,0.4717473529900217,1150.0,165.0,250,1692811011995.4426,1692811312000.4082,0m,0m
service-1,app,4.493033753321434,1.0928,4.820228136882129,224.65168766607172,499.0,0.44753623792597397,1250.0,165.0,500,1692811336810.1958,1692811636815.2642,0m,0m
service-1,app,6.362770003328146,1.1688,4.885276409414341,318.13850016640725,752.8,0.4219299492032955,1150.0,165.0,750,1692811661908.0393,1692811961913.089,0m,0m
service-1,app,7.961283112662872,1.5744,4.899710743801652,398.06415563314357,996.0,0.39719579405451466,1250.0,165.0,1000,1692811986659.364,1692812286665.0078,0m,0m
service-1,app,10.38651288050201,2.6376,6.116319444444445,519.3256440251005,1500.2,0.34738796863692983,1250.0,165.0,1500,1692812311028.7288,1692812611033.6504,0m,0m
