Pod,Container,%CPU,%VM,RT [ms],CPU_T [ms],TH [rps],CPU_T/R [ms],REQ_S [B],RES_S [B],C_Load [rps],t_start [ms],t_end [ms],CPU [CPU],VM [B]
service-1,app,0.36897418601990617,0.4802,4.8,18.448709300995308,48.2,0.37943383544109094,1150.0,165.0,50,1692796343196.0107,1692796643201.2324,0m,0m
service-1,app,0.7401299234296861,0.972,4.8,37.00649617148431,101.2,0.36469333348439414,1250.0,165.0,100,1692796671079.1345,1692796971084.1826,0m,0m
service-1,app,1.642740334070714,0.978,4.8,82.13701670353569,252.4,0.3244518815957725,1150.0,165.0,250,1692796995546.227,1692797295552.1646,0m,0m
service-1,app,3.050613137746386,1.038,4.829505516959542,152.53065688731928,498.0,0.30636116193048446,1150.0,165.0,500,1692797320504.2598,1692797620509.5828,0m,0m
service-1,app,4.315756415025213,1.0384,4.817295850066934,215.78782075126065,748.8,0.2862567712556159,1150.0,165.0,750,1692797645245.7178,1692797945250.9612,0m,0m
service-1,app,4.730976027390861,1.28,4.89691899612324,236.54880136954307,1000.2,0.23654111999384256,1150.0,165.0,1000,1692797970272.3457,1692798270278.175,0m,0m
service-1,app,5.326610231643438,2.7476,6.171658986175111,266.33051158217194,1503.0,0.1774782959581839,1250.0,165.0,1500,1692798295016.3235,1692798595021.7737,0m,0m
