Pod,Container,%CPU,%VM,RT [ms],CPU_T [ms],TH [rps],CPU_T/R [ms],REQ_S [B],RES_S [B],C_Load [rps],t_start [ms],t_end [ms],CPU [CPU],VM [B]
service-1,app,0.3763473698560667,0.4542,4.8,18.817368492803332,49.6,0.37230117736749635,1250.0,165.0,50,1692798705816.4836,1692799005821.712,0m,0m
service-1,app,0.7391216414186881,0.9376,4.8,36.95608207093441,102.2,0.3559820679501367,1150.0,165.0,100,1692799030334.704,1692799330340.1777,0m,0m
service-1,app,1.6755359878541345,0.9608,4.8,83.77679939270672,251.0,0.33094660994132635,1150.0,165.0,250,1692799355408.5898,1692799655414.0205,0m,0m
service-1,app,3.0032197865287715,0.9772,4.819119496855345,150.16098932643857,499.2,0.300343647637746,1150.0,165.0,500,1692799680572.9553,1692799980578.166,0m,0m
service-1,app,4.17455945572394,1.0764,4.819608908202064,208.727972786197,749.8,0.2772796477614284,1150.0,165.0,750,1692800005261.0918,1692800305266.2356,0m,0m
service-1,app,4.720297496873611,1.4908,4.91336233685519,236.0148748436806,996.2,0.2343050519731809,1250.0,165.0,1000,1692800330479.8616,1692800630483.857,0m,0m
service-1,app,6.647045137825555,2.7236,4.99647906847796,332.3522568912777,1491.4,0.22209418186038568,1250.0,165.0,1500,1692800655390.359,1692800955395.723,0m,0m
