Pod,Container,%CPU,%VM,RT [ms],CPU_T [ms],TH [rps],CPU_T/R [ms],REQ_S [B],RES_S [B],C_Load [rps],t_start [ms],t_end [ms],CPU [CPU],VM [B]
service-1,app,0.5686044162556905,0.5096,4.8,28.430220812784523,50.2,0.566339060015628,1250.0,165.0,50,1692808001645.7754,1692808301651.1038,0m,0m
service-1,app,1.1205159348909315,1.0524,4.8,56.02579674454657,101.2,0.5569614463830063,1150.0,165.0,100,1692808326405.4348,1692808626411.2227,0m,0m
service-1,app,2.6432128210007337,1.0624,4.8,132.1606410500367,248.2,0.5352475547252513,1150.0,165.0,250,1692808651316.3325,1692808951321.924,0m,0m
service-1,app,4.732650937800784,1.1284,4.822628026994839,236.6325468900392,505.6,0.469927174957499,1250.0,165.0,500,1692808976379.65,1692809276385.2327,0m,0m
service-1,app,6.621244177544531,1.1284,4.822680412371134,331.06220887722657,749.6,0.438121725331803,1150.0,165.0,750,1692809301402.3303,1692809601408.1465,0m,0m
service-1,app,7.484565913804215,1.1344,4.907963500622149,374.22829569021076,999.4,0.3744529674706932,1250.0,165.0,1000,1692809626557.3357,1692809926562.9316,0m,0m
service-1,app,8.253958125617794,2.852,6.621867881548977,412.6979062808897,1497.6,0.2779854053119965,1250.0,165.0,1500,1692809951595.7295,1692810251601.221,0m,0m
